  <configuration>
    
    <property>
      <name>fs.azure.user.agent.prefix</name>
      <value>User-Agent: APN/1.0 Hortonworks/1.0 HDP/None</value>
    </property>
    
    <property>
      <name>fs.defaultFS</name>
      <value>hdfs://bj-rack001-hadoop002:8020</value>
      <final>true</final>
    </property>
    
    <property>
      <name>fs.s3a.fast.upload</name>
      <value>true</value>
    </property>
    
    <property>
      <name>fs.s3a.fast.upload.buffer</name>
      <value>disk</value>
    </property>
    
    <property>
      <name>fs.s3a.multipart.size</name>
      <value>67108864</value>
    </property>
    
    <property>
      <name>fs.s3a.user.agent.prefix</name>
      <value>User-Agent: APN/1.0 Hortonworks/1.0 HDP/None</value>
    </property>
    
    <property>
      <name>fs.trash.interval</name>
      <value>360</value>
    </property>
    
    <property>
      <name>ha.failover-controller.active-standby-elector.zk.op.retries</name>
      <value>120</value>
    </property>
    
    <property>
      <name>hadoop.custom-extensions.root</name>
      <value>/hdp/ext/2.6/hadoop</value>
    </property>
    
    <property>
      <name>hadoop.http.authentication.simple.anonymous.allowed</name>
      <value>true</value>
    </property>
    
    <property>
      <name>hadoop.logfile.count</name>
      <value>30</value>
    </property>
    
    <property>
      <name>hadoop.logfile.size</name>
      <value>200000000</value>
    </property>
    
    <property>
      <name>hadoop.proxyuser.hcat.groups</name>
      <value>*</value>
    </property>
    
    <property>
      <name>hadoop.proxyuser.hcat.hosts</name>
      <value>bj-rack001-hadoop004</value>
    </property>
    
    <property>
      <name>hadoop.proxyuser.hdfs.groups</name>
      <value>*</value>
    </property>
    
    <property>
      <name>hadoop.proxyuser.hdfs.hosts</name>
      <value>*</value>
    </property>
    
    <property>
      <name>hadoop.proxyuser.hive.groups</name>
      <value>*</value>
    </property>
    
    <property>
      <name>hadoop.proxyuser.hive.hosts</name>
      <value>*</value>
    </property>
    
    <property>
      <name>hadoop.proxyuser.hue.groups</name>
      <value>*</value>
    </property>
    
    <property>
      <name>hadoop.proxyuser.hue.hosts</name>
      <value>*</value>
    </property>
    
    <property>
      <name>hadoop.proxyuser.oozie.groups</name>
      <value>*</value>
    </property>
    
    <property>
      <name>hadoop.proxyuser.oozie.hosts</name>
      <value>*</value>
    </property>
    
    <property>
      <name>hadoop.proxyuser.root.groups</name>
      <value>*</value>
    </property>
    
    <property>
      <name>hadoop.proxyuser.root.hosts</name>
      <value>bj-rack001-hadoop002</value>
    </property>
    
    <property>
      <name>hadoop.security.auth_to_local</name>
      <value>DEFAULT</value>
    </property>
    
    <property>
      <name>hadoop.security.authentication</name>
      <value>simple</value>
    </property>
    
    <property>
      <name>hadoop.security.authorization</name>
      <value>false</value>
    </property>
    
    <property>
      <name>io.compression.codecs</name>
      <value>org.apache.hadoop.io.compress.GzipCodec,org.apache.hadoop.io.compress.DefaultCodec,org.apache.hadoop.io.compress.SnappyCodec</value>
    </property>
    
    <property>
      <name>io.file.buffer.size</name>
      <value>131072</value>
    </property>
    
    <property>
      <name>io.serializations</name>
      <value>org.apache.hadoop.io.serializer.WritableSerialization</value>
    </property>
    
    <property>
      <name>ipc.client.connect.max.retries</name>
      <value>50</value>
    </property>
    
    <property>
      <name>ipc.client.connection.maxidletime</name>
      <value>30000</value>
    </property>
    
    <property>
      <name>ipc.client.idlethreshold</name>
      <value>8000</value>
    </property>
    
    <property>
      <name>ipc.server.tcpnodelay</name>
      <value>true</value>
    </property>
    
    <property>
      <name>mapreduce.jobtracker.webinterface.trusted</name>
      <value>false</value>
    </property>
    
    <property>
      <name>net.topology.script.file.name</name>
      <value>/etc/hadoop/conf/topology_script.py</value>
    </property>
    
  </configuration>